dh,n,sd,spr
2026-09-14 04,723,2.61569215324108,51.99999999998539
2026-09-14 05,630,2.788299950419804,51.99999999998539
2026-09-14 06,445,2.6248616474812767,51.00000000002325
2026-09-14 07,254,2.3261843250731054,52.99999999998306
2026-09-14 08,844,2.846880267757274,52.99999999998306
2026-09-14 09,733,2.312710269292126,50.99999999998772
2026-09-14 10,1313,2.4521856935585524,50.99999999998772
2026-09-14 11,897,2.8783596067365687,51.00000000002325
2026-09-14 12,407,2.8747261519190572,63.99999999999295
2026-09-14 13,265,2.4858364282019303,63.99999999999295
2026-09-14 14,235,2.3531463500506646,63.99999999999295
2026-09-14 15,358,2.3170031821842514,66.99999999998596
2026-09-14 16,72,3.4040303178440583,75.00000000000284
2026-09-15 04,343,2.6567065363492626,54.00000000001626
2026-09-15 05,273,2.8978087609384966,53.99999999998073
2026-09-15 06,323,2.4729380783494213,51.99999999998539
2026-09-15 07,295,2.590499475520536,50.00000000002558
2026-09-15 08,645,2.7974885078044807,50.99999999998772
2026-09-15 09,483,2.4740731603618893,50.99999999998772
2026-09-15 10,901,2.9236641750640113,51.99999999998539
2026-09-15 11,386,2.697692881774611,51.99999999998539
2026-09-15 12,195,2.2808489938875716,62.99999999999528
2026-09-15 13,122,2.310833199918635,60.000000000002274
2026-09-15 14,174,2.5449889661613967,60.99999999999994
2026-09-15 15,163,2.1880928569126463,60.99999999999994
2026-09-15 16,70,2.8696727340274917,68.00000000000139
2026-09-16 04,199,2.465363560044806,53.99999999998073
2026-09-16 05,344,2.5034139772562893,53.00000000001859
2026-09-16 06,268,2.4433044308818417,49.00000000002791
2026-09-16 07,597,2.5376904812918863,51.99999999998539
2026-09-16 08,498,3.614153864975039,50.99999999998772
2026-09-16 09,467,2.6183215301659213,49.99999999999005
2026-09-16 10,605,2.598392013415679,50.99999999998772
2026-09-16 11,585,3.0422116107494728,49.99999999999005
2026-09-16 12,227,2.9086666689486154,60.99999999999994
2026-09-16 13,259,3.227296534348916,62.99999999999528
2026-09-16 14,4537,4.354428272101443,76.00000000000051
2026-09-16 15,1423,3.0475944142812654,64.00000000002848
2026-09-16 16,461,3.350338025857088,76.99999999999818
2026-09-17 04,272,2.7053294567641015,52.00000000002092
2026-09-17 05,330,2.358639940499159,50.99999999998772
2026-09-17 06,422,2.6377628954263526,50.00000000002558
2026-09-17 07,764,2.577669881113199,50.99999999998772
2026-09-17 08,809,3.3019859011248753,53.00000000001859
2026-09-17 09,723,2.8925483596407164,51.99999999998539
2026-09-17 10,818,2.6471396956538857,48.99999999999238
2026-09-17 11,380,2.5238298847551586,50.99999999998772
2026-09-17 12,200,2.4356190593469997,58.000000000006935
2026-09-17 13,41,1.9522791069773657,53.00000000001859
2026-09-17 14,48,2.8382485196490843,56.9999999999915
2026-09-17 15,80,2.168549269947242,65.50000000000722
2026-09-17 16,86,4.194234611929779,70.0000000000145
2026-09-18 03,282,2.2534395039841675,50.99999999998772
2026-09-18 04,459,2.498936995400207,52.00000000002092
2026-09-18 05,92,2.656711420007886,51.99999999998539
2026-09-18 06,468,2.3346046410137062,49.99999999999005
2026-09-18 07,750,2.7037661400498303,49.99999999999005
2026-09-18 08,769,2.6166880631950016,50.00000000002558
2026-09-18 09,500,2.9281000494490255,50.99999999998772
2026-09-18 10,885,2.6723987397472087,49.99999999999005
2026-09-18 11,493,2.8383158889904676,54.00000000001626
2026-09-18 12,479,4.092468842555706,65.99999999998829
2026-09-18 13,191,2.7254207063658114,62.99999999999528
2026-09-18 14,83,2.586541462359887,59.000000000004604
2026-09-18 15,258,2.781180364073751,63.99999999999295
2026-09-18 16,395,4.512175927317986,109.99999999999233
2026-09-21 04,126,2.9227395880680858,54.00000000001626
2026-09-21 05,304,2.697701446187301,53.00000000001859
2026-09-21 06,239,2.422429960796168,52.99999999998306
2026-09-21 07,375,2.8022928922875256,50.99999999998772
2026-09-21 08,302,2.65642143502647,53.000000000000824
2026-09-21 09,506,2.4952356991310607,49.99999999999005
2026-09-21 10,510,2.2699381497289868,46.999999999997044
2026-09-21 11,437,2.497052445039057,51.00000000002325
2026-09-21 12,330,2.684523788455126,59.000000000004604
2026-09-21 13,202,1.7735056955127035,58.000000000006935
2026-09-21 14,121,1.804188844867669,57.000000000009265
2026-09-21 15,59,1.6202977833369345,57.000000000009265
2026-09-21 16,68,3.3653756118386413,71.500000000011
2026-09-22 03,31,2.3263416583117222,53.00000000001859
2026-09-22 04,1190,3.1281647837410564,51.99999999998539
2026-09-22 05,743,3.491440954240811,53.00000000001859
2026-09-22 06,472,3.0307543258243292,51.99999999998539
2026-09-22 07,613,2.732466932935813,52.00000000002092
2026-09-22 08,510,2.6768696556525273,50.99999999998772
2026-09-22 09,701,2.9369027014217113,51.00000000002325
2026-09-22 10,975,2.7412512488533802,50.99999999998772
2026-09-22 11,655,2.6994853397770737,53.00000000001859
2026-09-22 12,567,2.917576913234072,60.99999999999994
2026-09-22 13,435,2.9648604975824897,58.000000000006935
2026-09-22 14,348,2.9074814367674184,64.00000000002848
2026-09-22 15,645,2.4617980943403657,64.99999999999062
2026-09-22 16,134,5.216074660087337,66.00000000002382
2026-09-23 04,271,3.010919996739483,52.99999999998306
2026-09-23 05,232,2.6464096609331604,53.00000000001859
2026-09-23 06,440,3.148583684190455,53.99999999998073
2026-09-23 07,611,2.855170011987217,51.99999999998539
2026-09-23 08,373,2.851620240981824,53.99999999998073
2026-09-23 09,1337,3.3382023443938214,53.00000000001859
2026-09-23 10,1362,3.258233944499752,55.00000000001393
2026-09-23 11,692,2.3516191266811846,51.99999999998539
2026-09-23 12,546,2.7952709480142905,62.50000000001421
2026-09-23 13,1007,3.149893172961375,68.00000000001916
2026-09-23 14,481,2.632354413184889,70.0000000000145
2026-09-23 15,331,2.309201950742374,62.99999999999528
2026-09-23 16,207,3.3726769583375007,75.00000000000284
2026-09-24 03,398,3.8284041585341724,60.99999999999994
2026-09-24 04,859,3.676790677193578,60.99999999999994
2026-09-24 05,749,3.6338734525367506,60.000000000002274
2026-09-24 06,662,3.550262783918421,59.99999999996675
2026-09-24 07,690,3.2917084059873445,54.9999999999784
2026-09-24 08,614,3.7359771764074687,56.000000000011596
2026-09-24 09,772,3.1370563305490373,56.000000000011596
2026-09-24 10,518,2.4739739601001345,50.99999999998772
2026-09-24 11,942,2.8000812021932124,52.00000000002092
2026-09-24 12,1758,3.291115694807473,65.99999999998829
2026-09-24 13,897,2.652032696181561,60.99999999999994
2026-09-24 14,749,2.9405390362849704,64.00000000002848
2026-09-24 15,410,2.8440912255456747,60.99999999999994
2026-09-24 16,330,3.951511712327944,63.49999999999412
2026-09-25 04,264,3.2005090748662846,55.00000000001393
2026-09-25 05,443,2.9249203900346195,53.00000000001859
2026-09-25 06,184,3.3714879951265155,56.000000000011596
2026-09-25 07,790,3.233595489716801,51.99999999998539
2026-09-25 08,683,2.9654829783929655,52.99999999998306
2026-09-25 09,974,2.5948291818293674,49.99999999999005
2026-09-25 10,966,3.0182480156058498,52.00000000002092
2026-09-25 11,1066,3.0375239214608096,51.99999999998539
2026-09-25 12,2070,3.3375053928546143,66.00000000002382
2026-09-25 13,532,2.573820679829561,61.99999999999761
2026-09-25 14,349,2.428659240731376,59.000000000004604
2026-09-25 15,337,2.4595566324804365,66.00000000002382
2026-09-25 16,529,7.740657123708812,93.99999999999409
